variant,pattern,n,max_run_len,iter,comparisons,time_ns
vanilla,full_random,1000,64,0,8726,52228
vanilla,full_random,1000,64,1,8740,49296
vanilla,full_random,1000,64,2,8691,49495
vanilla,full_random,1000,64,3,8728,49209
vanilla,full_random,1000,64,4,8682,49308
vanilla,full_random,1000,64,5,8702,49671
vanilla,full_random,1000,64,6,8738,49010
vanilla,full_random,1000,64,7,8667,47566
vanilla,full_random,1000,64,8,8692,48833
vanilla,full_random,1000,64,9,8714,48514
vanilla,full_random,1000,64,10,8700,48481
vanilla,full_random,1000,64,11,8737,45329
vanilla,full_random,1000,64,12,8705,48955
vanilla,full_random,1000,64,13,8726,49616
vanilla,full_random,1000,64,14,8716,48834
vanilla,full_random,1000,64,15,8718,50398
vanilla,full_random,1000,64,16,8719,50950
vanilla,full_random,1000,64,17,8716,49693
vanilla,full_random,1000,64,18,8731,48877
vanilla,full_random,1000,64,19,8724,42353
vanilla,full_random,1000,64,20,8701,41725
vanilla,full_random,1000,64,21,8699,42331
vanilla,full_random,1000,64,22,8700,45329
vanilla,full_random,1000,64,23,8682,47621
vanilla,full_random,1000,64,24,8742,49087
vanilla,full_random,1000,64,25,8684,62478
vanilla,full_random,1000,64,26,8722,51424
vanilla,full_random,1000,64,27,8701,49407
vanilla,full_random,1000,64,28,8700,50498
vanilla,full_random,1000,64,29,8683,45748
runs,full_random,1000,64,0,9546,43775
runs,full_random,1000,64,1,9538,42628
runs,full_random,1000,64,2,9505,41990
runs,full_random,1000,64,3,9542,42232
runs,full_random,1000,64,4,9502,45957
runs,full_random,1000,64,5,9498,45087
runs,full_random,1000,64,6,9540,45494
runs,full_random,1000,64,7,9499,46993
runs,full_random,1000,64,8,9520,43587
runs,full_random,1000,64,9,9516,41792
runs,full_random,1000,64,10,9531,42033
runs,full_random,1000,64,11,9556,41803
runs,full_random,1000,64,12,9519,42056
runs,full_random,1000,64,13,9542,72628
runs,full_random,1000,64,14,9566,47180
runs,full_random,1000,64,15,9546,45197
runs,full_random,1000,64,16,9573,45186
runs,full_random,1000,64,17,9523,44469
runs,full_random,1000,64,18,9534,44525
runs,full_random,1000,64,19,9504,44160
runs,full_random,1000,64,20,9511,44624
runs,full_random,1000,64,21,9522,45075
runs,full_random,1000,64,22,9490,42299
runs,full_random,1000,64,23,9520,41296
runs,full_random,1000,64,24,9530,41758
runs,full_random,1000,64,25,9496,41570
runs,full_random,1000,64,26,9545,41880
runs,full_random,1000,64,27,9510,43841
runs,full_random,1000,64,28,9530,42551
runs,full_random,1000,64,29,9536,49087
vanilla,random_asc_runs,1000,64,0,6770,14404
vanilla,random_asc_runs,1000,64,1,6670,13578
vanilla,random_asc_runs,1000,64,2,6771,12817
vanilla,random_asc_runs,1000,64,3,6763,12542
vanilla,random_asc_runs,1000,64,4,6985,12795
vanilla,random_asc_runs,1000,64,5,6445,12387
vanilla,random_asc_runs,1000,64,6,7033,13071
vanilla,random_asc_runs,1000,64,7,6619,12465
vanilla,random_asc_runs,1000,64,8,6799,12608
vanilla,random_asc_runs,1000,64,9,6635,12167
vanilla,random_asc_runs,1000,64,10,6853,12399
vanilla,random_asc_runs,1000,64,11,6443,11925
vanilla,random_asc_runs,1000,64,12,6708,12211
vanilla,random_asc_runs,1000,64,13,6662,12355
vanilla,random_asc_runs,1000,64,14,6716,12432
vanilla,random_asc_runs,1000,64,15,6937,12696
vanilla,random_asc_runs,1000,64,16,6772,12476
vanilla,random_asc_runs,1000,64,17,6793,12267
vanilla,random_asc_runs,1000,64,18,6782,12300
vanilla,random_asc_runs,1000,64,19,6823,12476
vanilla,random_asc_runs,1000,64,20,6837,12432
vanilla,random_asc_runs,1000,64,21,6765,12443
vanilla,random_asc_runs,1000,64,22,6843,12464
vanilla,random_asc_runs,1000,64,23,6813,12531
vanilla,random_asc_runs,1000,64,24,7024,12972
vanilla,random_asc_runs,1000,64,25,6572,16741
vanilla,random_asc_runs,1000,64,26,6810,17535
vanilla,random_asc_runs,1000,64,27,6932,17733
vanilla,random_asc_runs,1000,64,28,6853,16663
vanilla,random_asc_runs,1000,64,29,6790,16488
runs,random_asc_runs,1000,64,0,4281,8045
runs,random_asc_runs,1000,64,1,3950,6965
runs,random_asc_runs,1000,64,2,4101,7230
runs,random_asc_runs,1000,64,3,4222,7582
runs,random_asc_runs,1000,64,4,4117,7329
runs,random_asc_runs,1000,64,5,4163,7406
runs,random_asc_runs,1000,64,6,4551,8068
runs,random_asc_runs,1000,64,7,4296,9015
runs,random_asc_runs,1000,64,8,4432,8629
runs,random_asc_runs,1000,64,9,4241,8850
runs,random_asc_runs,1000,64,10,4106,8001
runs,random_asc_runs,1000,64,11,3929,7196
runs,random_asc_runs,1000,64,12,4041,7285
runs,random_asc_runs,1000,64,13,4423,8056
runs,random_asc_runs,1000,64,14,4255,8155
runs,random_asc_runs,1000,64,15,4902,8839
runs,random_asc_runs,1000,64,16,4259,7648
runs,random_asc_runs,1000,64,17,4224,7935
runs,random_asc_runs,1000,64,18,4540,8354
runs,random_asc_runs,1000,64,19,3879,7108
runs,random_asc_runs,1000,64,20,4343,8111
runs,random_asc_runs,1000,64,21,4466,8111
runs,random_asc_runs,1000,64,22,4100,7561
runs,random_asc_runs,1000,64,23,4263,7946
runs,random_asc_runs,1000,64,24,4308,8045
runs,random_asc_runs,1000,64,25,4182,7748
runs,random_asc_runs,1000,64,26,4280,7946
runs,random_asc_runs,1000,64,27,4289,7561
runs,random_asc_runs,1000,64,28,4496,8321
runs,random_asc_runs,1000,64,29,4272,7836
vanilla,random_desc_runs,1000,64,0,7020,18714
vanilla,random_desc_runs,1000,64,1,6835,16608
vanilla,random_desc_runs,1000,64,2,6618,15253
vanilla,random_desc_runs,1000,64,3,7122,16532
vanilla,random_desc_runs,1000,64,4,6598,15065
vanilla,random_desc_runs,1000,64,5,6694,15694
vanilla,random_desc_runs,1000,64,6,6678,15121
vanilla,random_desc_runs,1000,64,7,6785,15628
vanilla,random_desc_runs,1000,64,8,6808,15242
vanilla,random_desc_runs,1000,64,9,6713,15352
vanilla,random_desc_runs,1000,64,10,6681,15759
vanilla,random_desc_runs,1000,64,11,6603,15859
vanilla,random_desc_runs,1000,64,12,6523,15385
vanilla,random_desc_runs,1000,64,13,6696,14183
vanilla,random_desc_runs,1000,64,14,6816,13324
vanilla,random_desc_runs,1000,64,15,6846,16774
vanilla,random_desc_runs,1000,64,16,6729,16002
vanilla,random_desc_runs,1000,64,17,6814,16167
vanilla,random_desc_runs,1000,64,18,6685,15804
vanilla,random_desc_runs,1000,64,19,6695,15903
vanilla,random_desc_runs,1000,64,20,6508,14955
vanilla,random_desc_runs,1000,64,21,6880,16266
vanilla,random_desc_runs,1000,64,22,6702,15925
vanilla,random_desc_runs,1000,64,23,6839,15198
vanilla,random_desc_runs,1000,64,24,6765,15716
vanilla,random_desc_runs,1000,64,25,7097,15804
vanilla,random_desc_runs,1000,64,26,6675,16146
vanilla,random_desc_runs,1000,64,27,6783,17137
vanilla,random_desc_runs,1000,64,28,6737,15738
vanilla,random_desc_runs,1000,64,29,6888,16685
runs,random_desc_runs,1000,64,0,4809,10701
runs,random_desc_runs,1000,64,1,4409,9115
runs,random_desc_runs,1000,64,2,4215,9004
runs,random_desc_runs,1000,64,3,4954,10150
runs,random_desc_runs,1000,64,4,4086,8662
runs,random_desc_runs,1000,64,5,4484,9126
runs,random_desc_runs,1000,64,6,4040,8012
runs,random_desc_runs,1000,64,7,4462,8971
runs,random_desc_runs,1000,64,8,4545,8993
runs,random_desc_runs,1000,64,9,4467,8860
runs,random_desc_runs,1000,64,10,4283,8894
runs,random_desc_runs,1000,64,11,4543,9390
runs,random_desc_runs,1000,64,12,4180,6667
runs,random_desc_runs,1000,64,13,4276,6910
runs,random_desc_runs,1000,64,14,4376,6932
runs,random_desc_runs,1000,64,15,4733,7395
runs,random_desc_runs,1000,64,16,4351,6932
runs,random_desc_runs,1000,64,17,4139,6469
runs,random_desc_runs,1000,64,18,4255,7935
runs,random_desc_runs,1000,64,19,4312,8684
runs,random_desc_runs,1000,64,20,4235,8342
runs,random_desc_runs,1000,64,21,4515,9158
runs,random_desc_runs,1000,64,22,4610,9379
runs,random_desc_runs,1000,64,23,4267,8630
runs,random_desc_runs,1000,64,24,4617,9103
runs,random_desc_runs,1000,64,25,4616,9015
runs,random_desc_runs,1000,64,26,4059,8067
runs,random_desc_runs,1000,64,27,4500,9016
runs,random_desc_runs,1000,64,28,4399,8838
runs,random_desc_runs,1000,64,29,4333,8816
vanilla,random_mixed_runs,1000,64,0,7085,18371
vanilla,random_mixed_runs,1000,64,1,6689,16421
vanilla,random_mixed_runs,1000,64,2,6851,17435
vanilla,random_mixed_runs,1000,64,3,6465,15915
vanilla,random_mixed_runs,1000,64,4,6813,16740
vanilla,random_mixed_runs,1000,64,5,6833,16014
vanilla,random_mixed_runs,1000,64,6,6743,16587
vanilla,random_mixed_runs,1000,64,7,6603,15716
vanilla,random_mixed_runs,1000,64,8,6810,16156
vanilla,random_mixed_runs,1000,64,9,6760,15815
vanilla,random_mixed_runs,1000,64,10,6818,17336
vanilla,random_mixed_runs,1000,64,11,6840,18526
vanilla,random_mixed_runs,1000,64,12,6838,17898
vanilla,random_mixed_runs,1000,64,13,6981,18471
vanilla,random_mixed_runs,1000,64,14,6851,16267
vanilla,random_mixed_runs,1000,64,15,6384,14283
vanilla,random_mixed_runs,1000,64,16,6668,14272
vanilla,random_mixed_runs,1000,64,17,6724,16564
vanilla,random_mixed_runs,1000,64,18,6623,17711
vanilla,random_mixed_runs,1000,64,19,6590,16708
vanilla,random_mixed_runs,1000,64,20,6759,15055
vanilla,random_mixed_runs,1000,64,21,6759,14933
vanilla,random_mixed_runs,1000,64,22,6862,15716
vanilla,random_mixed_runs,1000,64,23,6678,15220
vanilla,random_mixed_runs,1000,64,24,7046,16201
vanilla,random_mixed_runs,1000,64,25,6446,14073
vanilla,random_mixed_runs,1000,64,26,6873,15540
vanilla,random_mixed_runs,1000,64,27,6573,15595
vanilla,random_mixed_runs,1000,64,28,6858,15837
vanilla,random_mixed_runs,1000,64,29,6565,14966
runs,random_mixed_runs,1000,64,0,5000,10492
runs,random_mixed_runs,1000,64,1,5099,10360
runs,random_mixed_runs,1000,64,2,4868,9467
runs,random_mixed_runs,1000,64,3,4111,7670
runs,random_mixed_runs,1000,64,4,4659,8729
runs,random_mixed_runs,1000,64,5,4957,9114
runs,random_mixed_runs,1000,64,6,4770,9103
runs,random_mixed_runs,1000,64,7,4322,8420
runs,random_mixed_runs,1000,64,8,4862,9004
runs,random_mixed_runs,1000,64,9,4580,8453
runs,random_mixed_runs,1000,64,10,4950,9423
runs,random_mixed_runs,1000,64,11,4585,9004
runs,random_mixed_runs,1000,64,12,4807,9401
runs,random_mixed_runs,1000,64,13,5325,10206
runs,random_mixed_runs,1000,64,14,4535,8695
runs,random_mixed_runs,1000,64,15,4817,9103
runs,random_mixed_runs,1000,64,16,4409,8927
runs,random_mixed_runs,1000,64,17,4658,9004
runs,random_mixed_runs,1000,64,18,4674,9103
runs,random_mixed_runs,1000,64,19,4984,9644
runs,random_mixed_runs,1000,64,20,4400,8276
runs,random_mixed_runs,1000,64,21,4747,8618
runs,random_mixed_runs,1000,64,22,4879,9908
runs,random_mixed_runs,1000,64,23,4437,9059
runs,random_mixed_runs,1000,64,24,4987,9687
runs,random_mixed_runs,1000,64,25,4375,8365
runs,random_mixed_runs,1000,64,26,4952,9423
runs,random_mixed_runs,1000,64,27,4646,52162
runs,random_mixed_runs,1000,64,28,4850,9213
runs,random_mixed_runs,1000,64,29,4557,8795
vanilla,full_random,5000,64,0,55453,300176
vanilla,full_random,5000,64,1,55484,339884
vanilla,full_random,5000,64,2,55494,283071
vanilla,full_random,5000,64,3,55450,266948
vanilla,full_random,5000,64,4,55529,315187
vanilla,full_random,5000,64,5,55484,281264
vanilla,full_random,5000,64,6,55505,261427
vanilla,full_random,5000,64,7,55488,261934
vanilla,full_random,5000,64,8,55548,260501
vanilla,full_random,5000,64,9,55433,260996
vanilla,full_random,5000,64,10,55551,262683
vanilla,full_random,5000,64,11,55542,323650
vanilla,full_random,5000,64,12,55512,344932
vanilla,full_random,5000,64,13,55458,307141
vanilla,full_random,5000,64,14,55546,260743
vanilla,full_random,5000,64,15,55521,283281
vanilla,full_random,5000,64,16,55500,291040
vanilla,full_random,5000,64,17,55514,262661
vanilla,full_random,5000,64,18,55536,295382
vanilla,full_random,5000,64,19,55574,268359
vanilla,full_random,5000,64,20,55556,265526
vanilla,full_random,5000,64,21,55508,263664
vanilla,full_random,5000,64,22,55510,262595
vanilla,full_random,5000,64,23,55457,261691
vanilla,full_random,5000,64,24,55399,273946
vanilla,full_random,5000,64,25,55496,260798
vanilla,full_random,5000,64,26,55468,295525
vanilla,full_random,5000,64,27,55443,257404
vanilla,full_random,5000,64,28,55533,256842
vanilla,full_random,5000,64,29,55453,259785
runs,full_random,5000,64,0,58965,272634
runs,full_random,5000,64,1,58896,285067
runs,full_random,5000,64,2,58876,266287
runs,full_random,5000,64,3,58770,270056
runs,full_random,5000,64,4,58874,276459
runs,full_random,5000,64,5,59010,269990
runs,full_random,5000,64,6,58964,268050
runs,full_random,5000,64,7,58909,268215
runs,full_random,5000,64,8,58927,277319
runs,full_random,5000,64,9,58952,282741
runs,full_random,5000,64,10,58941,267267
runs,full_random,5000,64,11,58945,267179
runs,full_random,5000,64,12,58946,265857
runs,full_random,5000,64,13,59009,266738
runs,full_random,5000,64,14,58980,284196
runs,full_random,5000,64,15,58981,276767
runs,full_random,5000,64,16,58912,269174
runs,full_random,5000,64,17,58987,306976
runs,full_random,5000,64,18,58939,283490
runs,full_random,5000,64,19,58929,295195
runs,full_random,5000,64,20,58992,314107
runs,full_random,5000,64,21,58947,331873
runs,full_random,5000,64,22,58778,308420
runs,full_random,5000,64,23,58901,269879
runs,full_random,5000,64,24,58904,262650
runs,full_random,5000,64,25,58897,279369
runs,full_random,5000,64,26,58968,268877
runs,full_random,5000,64,27,58865,261415
runs,full_random,5000,64,28,58929,261350
runs,full_random,5000,64,29,58871,275214
vanilla,random_asc_runs,5000,64,0,45479,80133
vanilla,random_asc_runs,5000,64,1,44473,76319
vanilla,random_asc_runs,5000,64,2,45283,76970
vanilla,random_asc_runs,5000,64,3,45508,76981
vanilla,random_asc_runs,5000,64,4,45513,77531
vanilla,random_asc_runs,5000,64,5,45567,77995
vanilla,random_asc_runs,5000,64,6,44968,76728
vanilla,random_asc_runs,5000,64,7,45619,77268
vanilla,random_asc_runs,5000,64,8,45642,76838
vanilla,random_asc_runs,5000,64,9,45075,76276
vanilla,random_asc_runs,5000,64,10,45607,77158
vanilla,random_asc_runs,5000,64,11,45064,76056
vanilla,random_asc_runs,5000,64,12,44639,76055
vanilla,random_asc_runs,5000,64,13,45819,77852
vanilla,random_asc_runs,5000,64,14,45623,78303
vanilla,random_asc_runs,5000,64,15,45483,77653
vanilla,random_asc_runs,5000,64,16,45403,88751
vanilla,random_asc_runs,5000,64,17,45253,86228
vanilla,random_asc_runs,5000,64,18,45064,96323
vanilla,random_asc_runs,5000,64,19,45491,96389
vanilla,random_asc_runs,5000,64,20,45915,96841
vanilla,random_asc_runs,5000,64,21,45871,98967
vanilla,random_asc_runs,5000,64,22,45348,114187
vanilla,random_asc_runs,5000,64,23,46104,100720
vanilla,random_asc_runs,5000,64,24,44587,102109
vanilla,random_asc_runs,5000,64,25,45554,107828
vanilla,random_asc_runs,5000,64,26,45777,108148
vanilla,random_asc_runs,5000,64,27,45449,107983
vanilla,random_asc_runs,5000,64,28,45360,111113
vanilla,random_asc_runs,5000,64,29,45863,100246
runs,random_asc_runs,5000,64,0,32564,61441
runs,random_asc_runs,5000,64,1,32043,60912
runs,random_asc_runs,5000,64,2,33406,63811
runs,random_asc_runs,5000,64,3,32212,61166
runs,random_asc_runs,5000,64,4,33224,63392
runs,random_asc_runs,5000,64,5,33441,63536
runs,random_asc_runs,5000,64,6,32580,61497
runs,random_asc_runs,5000,64,7,33170,62720
runs,random_asc_runs,5000,64,8,33033,62720
runs,random_asc_runs,5000,64,9,32393,61463
runs,random_asc_runs,5000,64,10,33062,62522
runs,random_asc_runs,5000,64,11,32264,61100
runs,random_asc_runs,5000,64,12,32203,61496
runs,random_asc_runs,5000,64,13,33008,60196
runs,random_asc_runs,5000,64,14,33525,62302
runs,random_asc_runs,5000,64,15,32903,60681
runs,random_asc_runs,5000,64,16,32013,58730
runs,random_asc_runs,5000,64,17,31867,71284
runs,random_asc_runs,5000,64,18,32633,59028
runs,random_asc_runs,5000,64,19,33007,61353
runs,random_asc_runs,5000,64,20,32931,60957
runs,random_asc_runs,5000,64,21,34495,64384
runs,random_asc_runs,5000,64,22,32259,59237
runs,random_asc_runs,5000,64,23,33092,61221
runs,random_asc_runs,5000,64,24,32059,58973
runs,random_asc_runs,5000,64,25,33477,61971
runs,random_asc_runs,5000,64,26,33072,60516
runs,random_asc_runs,5000,64,27,33047,60274
runs,random_asc_runs,5000,64,28,32433,59778
runs,random_asc_runs,5000,64,29,32704,60725
vanilla,random_desc_runs,5000,64,0,45308,97149
vanilla,random_desc_runs,5000,64,1,46040,95507
vanilla,random_desc_runs,5000,64,2,45599,127137
vanilla,random_desc_runs,5000,64,3,45945,95154
vanilla,random_desc_runs,5000,64,4,45248,100952
vanilla,random_desc_runs,5000,64,5,45634,109118
vanilla,random_desc_runs,5000,64,6,45065,92907
vanilla,random_desc_runs,5000,64,7,45720,93181
vanilla,random_desc_runs,5000,64,8,45139,92234
vanilla,random_desc_runs,5000,64,9,45463,92124
vanilla,random_desc_runs,5000,64,10,45479,93600
vanilla,random_desc_runs,5000,64,11,45109,92752
vanilla,random_desc_runs,5000,64,12,45637,99750
vanilla,random_desc_runs,5000,64,13,45880,92212
vanilla,random_desc_runs,5000,64,14,45955,97469
vanilla,random_desc_runs,5000,64,15,45520,96697
vanilla,random_desc_runs,5000,64,16,45227,96720
vanilla,random_desc_runs,5000,64,17,45047,100423
vanilla,random_desc_runs,5000,64,18,44856,95342
vanilla,random_desc_runs,5000,64,19,45669,99189
vanilla,random_desc_runs,5000,64,20,45365,192777
vanilla,random_desc_runs,5000,64,21,45481,105779
vanilla,random_desc_runs,5000,64,22,45630,93909
vanilla,random_desc_runs,5000,64,23,45383,92266
vanilla,random_desc_runs,5000,64,24,45667,94901
vanilla,random_desc_runs,5000,64,25,45569,94372
vanilla,random_desc_runs,5000,64,26,45442,93137
vanilla,random_desc_runs,5000,64,27,45598,95199
vanilla,random_desc_runs,5000,64,28,45624,94317
vanilla,random_desc_runs,5000,64,29,45309,125275
runs,random_desc_runs,5000,64,0,33403,66312
runs,random_desc_runs,5000,64,1,33018,65905
runs,random_desc_runs,5000,64,2,33000,65894
runs,random_desc_runs,5000,64,3,33950,68362
runs,random_desc_runs,5000,64,4,33589,66698
runs,random_desc_runs,5000,64,5,33690,93677
runs,random_desc_runs,5000,64,6,33278,65299
runs,random_desc_runs,5000,64,7,33336,65806
runs,random_desc_runs,5000,64,8,32847,64824
runs,random_desc_runs,5000,64,9,33126,75195
runs,random_desc_runs,5000,64,10,33124,66599
runs,random_desc_runs,5000,64,11,32798,64825
runs,random_desc_runs,5000,64,12,32707,64252
runs,random_desc_runs,5000,64,13,33696,66897
runs,random_desc_runs,5000,64,14,33366,65585
runs,random_desc_runs,5000,64,15,32732,64042
runs,random_desc_runs,5000,64,16,32462,63844
runs,random_desc_runs,5000,64,17,33238,65508
runs,random_desc_runs,5000,64,18,31640,61585
runs,random_desc_runs,5000,64,19,33494,65574
runs,random_desc_runs,5000,64,20,32470,63271
runs,random_desc_runs,5000,64,21,32485,63227
runs,random_desc_runs,5000,64,22,33551,65817
runs,random_desc_runs,5000,64,23,32172,63094
runs,random_desc_runs,5000,64,24,33533,65905
runs,random_desc_runs,5000,64,25,33191,64637
runs,random_desc_runs,5000,64,26,32300,63040
runs,random_desc_runs,5000,64,27,33351,65696
runs,random_desc_runs,5000,64,28,33074,64748
runs,random_desc_runs,5000,64,29,33324,65046
vanilla,random_mixed_runs,5000,64,0,45334,98857
vanilla,random_mixed_runs,5000,64,1,45255,97392
vanilla,random_mixed_runs,5000,64,2,45567,95595
vanilla,random_mixed_runs,5000,64,3,45462,95441
vanilla,random_mixed_runs,5000,64,4,46179,131689
vanilla,random_mixed_runs,5000,64,5,45453,101624
vanilla,random_mixed_runs,5000,64,6,45539,99750
vanilla,random_mixed_runs,5000,64,7,44891,98152
vanilla,random_mixed_runs,5000,64,8,45724,99706
vanilla,random_mixed_runs,5000,64,9,45676,98284
vanilla,random_mixed_runs,5000,64,10,45623,99618
vanilla,random_mixed_runs,5000,64,11,45513,105172
vanilla,random_mixed_runs,5000,64,12,45332,99067
vanilla,random_mixed_runs,5000,64,13,45288,135303
vanilla,random_mixed_runs,5000,64,14,45538,100665
vanilla,random_mixed_runs,5000,64,15,45058,101844
vanilla,random_mixed_runs,5000,64,16,44838,81268
vanilla,random_mixed_runs,5000,64,17,46323,92455
vanilla,random_mixed_runs,5000,64,18,45861,83935
vanilla,random_mixed_runs,5000,64,19,45429,83792
vanilla,random_mixed_runs,5000,64,20,45692,84002
vanilla,random_mixed_runs,5000,64,21,45556,170272
vanilla,random_mixed_runs,5000,64,22,45457,345048
vanilla,random_mixed_runs,5000,64,23,45770,166290
vanilla,random_mixed_runs,5000,64,24,45773,139540
vanilla,random_mixed_runs,5000,64,25,45457,100069
vanilla,random_mixed_runs,5000,64,26,45135,98670
vanilla,random_mixed_runs,5000,64,27,45589,97380
vanilla,random_mixed_runs,5000,64,28,45320,121257
vanilla,random_mixed_runs,5000,64,29,45463,94791
runs,random_mixed_runs,5000,64,0,35145,138025
runs,random_mixed_runs,5000,64,1,34690,67977
runs,random_mixed_runs,5000,64,2,34749,67823
runs,random_mixed_runs,5000,64,3,35095,67999
runs,random_mixed_runs,5000,64,4,35798,69850
runs,random_mixed_runs,5000,64,5,35385,69013
runs,random_mixed_runs,5000,64,6,35133,96300
runs,random_mixed_runs,5000,64,7,34510,79141
runs,random_mixed_runs,5000,64,8,34642,65905
runs,random_mixed_runs,5000,64,9,34631,67161
runs,random_mixed_runs,5000,64,10,35282,68098
runs,random_mixed_runs,5000,64,11,35184,67283
runs,random_mixed_runs,5000,64,12,34675,67349
runs,random_mixed_runs,5000,64,13,34250,66147
runs,random_mixed_runs,5000,64,14,34299,66268
runs,random_mixed_runs,5000,64,15,34344,66313
runs,random_mixed_runs,5000,64,16,34559,66500
runs,random_mixed_runs,5000,64,17,35645,68760
runs,random_mixed_runs,5000,64,18,34798,67668
runs,random_mixed_runs,5000,64,19,34196,65816
runs,random_mixed_runs,5000,64,20,35872,69343
runs,random_mixed_runs,5000,64,21,35446,68870
runs,random_mixed_runs,5000,64,22,35673,69509
runs,random_mixed_runs,5000,64,23,34948,67040
runs,random_mixed_runs,5000,64,24,35983,69641
runs,random_mixed_runs,5000,64,25,34915,67602
runs,random_mixed_runs,5000,64,26,35180,68825
runs,random_mixed_runs,5000,64,27,34685,69189
runs,random_mixed_runs,5000,64,28,34433,57551
runs,random_mixed_runs,5000,64,29,35298,54102
vanilla,full_random,10000,64,0,120915,706593
vanilla,full_random,10000,64,1,120959,623959
vanilla,full_random,10000,64,2,121027,649902
vanilla,full_random,10000,64,3,121015,602799
vanilla,full_random,10000,64,4,121095,619418
vanilla,full_random,10000,64,5,120989,652447
vanilla,full_random,10000,64,6,120947,597718
vanilla,full_random,10000,64,7,120954,679779
vanilla,full_random,10000,64,8,120989,602094
vanilla,full_random,10000,64,9,121021,613059
vanilla,full_random,10000,64,10,121011,665144
vanilla,full_random,10000,64,11,121017,677718
vanilla,full_random,10000,64,12,120926,633194
vanilla,full_random,10000,64,13,120995,632577
vanilla,full_random,10000,64,14,120980,887231
vanilla,full_random,10000,64,15,120955,852284
vanilla,full_random,10000,64,16,121108,614233
vanilla,full_random,10000,64,17,120987,664439
vanilla,full_random,10000,64,18,120938,673123
vanilla,full_random,10000,64,19,121074,658895
vanilla,full_random,10000,64,20,121006,628267
vanilla,full_random,10000,64,21,120906,609147
vanilla,full_random,10000,64,22,120968,568149
vanilla,full_random,10000,64,23,121015,584790
vanilla,full_random,10000,64,24,120963,610337
vanilla,full_random,10000,64,25,120960,571709
vanilla,full_random,10000,64,26,120929,582223
vanilla,full_random,10000,64,27,120961,573946
vanilla,full_random,10000,64,28,120971,570529
vanilla,full_random,10000,64,29,120951,580801
runs,full_random,10000,64,0,127740,584482
runs,full_random,10000,64,1,127730,584989
runs,full_random,10000,64,2,127947,587645
runs,full_random,10000,64,3,127804,617787
runs,full_random,10000,64,4,127989,583182
runs,full_random,10000,64,5,127837,590235
runs,full_random,10000,64,6,127777,593827
runs,full_random,10000,64,7,127870,606799
runs,full_random,10000,64,8,127818,657804
runs,full_random,10000,64,9,127885,670346
runs,full_random,10000,64,10,127828,597189
runs,full_random,10000,64,11,127854,575699
runs,full_random,10000,64,12,127736,2613602
runs,full_random,10000,64,13,127711,684166
runs,full_random,10000,64,14,127746,673655
runs,full_random,10000,64,15,127962,945444
runs,full_random,10000,64,16,127951,772482
runs,full_random,10000,64,17,127826,666719
runs,full_random,10000,64,18,127836,631210
runs,full_random,10000,64,19,127984,651323
runs,full_random,10000,64,20,127865,643246
runs,full_random,10000,64,21,127732,640237
runs,full_random,10000,64,22,127866,685621
runs,full_random,10000,64,23,127831,633877
runs,full_random,10000,64,24,127821,650651
runs,full_random,10000,64,25,127937,636314
runs,full_random,10000,64,26,127739,639962
runs,full_random,10000,64,27,127770,661176
runs,full_random,10000,64,28,127664,633481
runs,full_random,10000,64,29,127802,631034
vanilla,random_asc_runs,10000,64,0,101587,208085
vanilla,random_asc_runs,10000,64,1,100625,190176
vanilla,random_asc_runs,10000,64,2,101014,199137
vanilla,random_asc_runs,10000,64,3,100865,230513
vanilla,random_asc_runs,10000,64,4,100841,226347
vanilla,random_asc_runs,10000,64,5,101136,229929
vanilla,random_asc_runs,10000,64,6,100279,219955
vanilla,random_asc_runs,10000,64,7,100636,215282
vanilla,random_asc_runs,10000,64,8,100487,212913
vanilla,random_asc_runs,10000,64,9,101451,240343
vanilla,random_asc_runs,10000,64,10,101355,226248
vanilla,random_asc_runs,10000,64,11,101049,235384
vanilla,random_asc_runs,10000,64,12,101342,221530
vanilla,random_asc_runs,10000,64,13,101948,206433
vanilla,random_asc_runs,10000,64,14,101084,206675
vanilla,random_asc_runs,10000,64,15,100960,204327
vanilla,random_asc_runs,10000,64,16,101479,239694
vanilla,random_asc_runs,10000,64,17,101141,221928
vanilla,random_asc_runs,10000,64,18,101415,241942
vanilla,random_asc_runs,10000,64,19,100501,227934
vanilla,random_asc_runs,10000,64,20,101344,237446
vanilla,random_asc_runs,10000,64,21,100802,245997
vanilla,random_asc_runs,10000,64,22,101752,229389
vanilla,random_asc_runs,10000,64,23,100216,262485
vanilla,random_asc_runs,10000,64,24,101154,309742
vanilla,random_asc_runs,10000,64,25,101214,269847
vanilla,random_asc_runs,10000,64,26,100639,212748
vanilla,random_asc_runs,10000,64,27,101222,209750
vanilla,random_asc_runs,10000,64,28,101632,210532
vanilla,random_asc_runs,10000,64,29,100240,208306
runs,random_asc_runs,10000,64,0,76592,138510
runs,random_asc_runs,10000,64,1,75380,138356
runs,random_asc_runs,10000,64,2,76933,139855
runs,random_asc_runs,10000,64,3,75776,137728
runs,random_asc_runs,10000,64,4,75810,137915
runs,random_asc_runs,10000,64,5,76214,134907
runs,random_asc_runs,10000,64,6,76006,115984
runs,random_asc_runs,10000,64,7,74703,109813
runs,random_asc_runs,10000,64,8,77146,116811
runs,random_asc_runs,10000,64,9,76374,125660
runs,random_asc_runs,10000,64,10,76095,187319
runs,random_asc_runs,10000,64,11,76857,141905
runs,random_asc_runs,10000,64,12,76407,161690
runs,random_asc_runs,10000,64,13,76131,140737
runs,random_asc_runs,10000,64,14,76865,142886
runs,random_asc_runs,10000,64,15,76397,141002
runs,random_asc_runs,10000,64,16,75767,151714
runs,random_asc_runs,10000,64,17,76809,141784
runs,random_asc_runs,10000,64,18,75539,139062
runs,random_asc_runs,10000,64,19,75441,139072
runs,random_asc_runs,10000,64,20,76767,142401
runs,random_asc_runs,10000,64,21,75116,152000
runs,random_asc_runs,10000,64,22,76662,141729
runs,random_asc_runs,10000,64,23,75741,140307
runs,random_asc_runs,10000,64,24,76441,149388
runs,random_asc_runs,10000,64,25,76777,141530
runs,random_asc_runs,10000,64,26,76282,140836
runs,random_asc_runs,10000,64,27,75344,139018
runs,random_asc_runs,10000,64,28,76114,139072
runs,random_asc_runs,10000,64,29,76407,234925
vanilla,random_desc_runs,10000,64,0,101321,199016
vanilla,random_desc_runs,10000,64,1,100507,159109
vanilla,random_desc_runs,10000,64,2,101427,163969
vanilla,random_desc_runs,10000,64,3,100557,172278
vanilla,random_desc_runs,10000,64,4,101081,162470
vanilla,random_desc_runs,10000,64,5,101583,163990
vanilla,random_desc_runs,10000,64,6,100434,162239
vanilla,random_desc_runs,10000,64,7,101330,165600
vanilla,random_desc_runs,10000,64,8,100353,207391
vanilla,random_desc_runs,10000,64,9,100205,173447
vanilla,random_desc_runs,10000,64,10,100579,171143
vanilla,random_desc_runs,10000,64,11,101636,175210
vanilla,random_desc_runs,10000,64,12,101070,172213
vanilla,random_desc_runs,10000,64,13,101728,171695
vanilla,random_desc_runs,10000,64,14,102191,197197
vanilla,random_desc_runs,10000,64,15,100597,163539
vanilla,random_desc_runs,10000,64,16,101156,163693
vanilla,random_desc_runs,10000,64,17,100923,163506
vanilla,random_desc_runs,10000,64,18,101211,176235
vanilla,random_desc_runs,10000,64,19,100363,173888
vanilla,random_desc_runs,10000,64,20,100369,172797
vanilla,random_desc_runs,10000,64,21,100307,171695
vanilla,random_desc_runs,10000,64,22,100347,170614
vanilla,random_desc_runs,10000,64,23,101522,173810
vanilla,random_desc_runs,10000,64,24,101288,228970
vanilla,random_desc_runs,10000,64,25,100761,202002
vanilla,random_desc_runs,10000,64,26,99897,170305
vanilla,random_desc_runs,10000,64,27,101326,191708
vanilla,random_desc_runs,10000,64,28,100873,191951
vanilla,random_desc_runs,10000,64,29,101392,177238
runs,random_desc_runs,10000,64,0,75420,121307
runs,random_desc_runs,10000,64,1,75007,116414
runs,random_desc_runs,10000,64,2,75753,120756
runs,random_desc_runs,10000,64,3,74362,125175
runs,random_desc_runs,10000,64,4,75500,116767
runs,random_desc_runs,10000,64,5,76191,119147
runs,random_desc_runs,10000,64,6,75247,115896
runs,random_desc_runs,10000,64,7,76723,118309
runs,random_desc_runs,10000,64,8,74974,114033
runs,random_desc_runs,10000,64,9,74844,112997
runs,random_desc_runs,10000,64,10,74181,111840
runs,random_desc_runs,10000,64,11,77602,117979
runs,random_desc_runs,10000,64,12,75586,113824
runs,random_desc_runs,10000,64,13,75461,113615
runs,random_desc_runs,10000,64,14,76347,114904
runs,random_desc_runs,10000,64,15,75871,121880
runs,random_desc_runs,10000,64,16,76628,119378
runs,random_desc_runs,10000,64,17,76572,118552
runs,random_desc_runs,10000,64,18,76251,120756
runs,random_desc_runs,10000,64,19,75758,119488
runs,random_desc_runs,10000,64,20,75089,118343
runs,random_desc_runs,10000,64,21,74282,116832
runs,random_desc_runs,10000,64,22,74029,116336
runs,random_desc_runs,10000,64,23,76095,120216
runs,random_desc_runs,10000,64,24,75416,119367
runs,random_desc_runs,10000,64,25,76971,120987
runs,random_desc_runs,10000,64,26,74955,117063
runs,random_desc_runs,10000,64,27,75728,115775
runs,random_desc_runs,10000,64,28,76419,116524
runs,random_desc_runs,10000,64,29,76176,116161
vanilla,random_mixed_runs,10000,64,0,101713,192744
vanilla,random_mixed_runs,10000,64,1,101228,180180
vanilla,random_mixed_runs,10000,64,2,101202,180224
vanilla,random_mixed_runs,10000,64,3,101426,181128
vanilla,random_mixed_runs,10000,64,4,100185,183399
vanilla,random_mixed_runs,10000,64,5,100766,191984
vanilla,random_mixed_runs,10000,64,6,100678,178583
vanilla,random_mixed_runs,10000,64,7,101390,179696
vanilla,random_mixed_runs,10000,64,8,101119,178902
vanilla,random_mixed_runs,10000,64,9,100745,186154
vanilla,random_mixed_runs,10000,64,10,101882,175728
vanilla,random_mixed_runs,10000,64,11,100369,186749
vanilla,random_mixed_runs,10000,64,12,100122,177138
vanilla,random_mixed_runs,10000,64,13,100928,190860
vanilla,random_mixed_runs,10000,64,14,102007,181173
vanilla,random_mixed_runs,10000,64,15,101936,180037
vanilla,random_mixed_runs,10000,64,16,101419,179938
vanilla,random_mixed_runs,10000,64,17,100874,197131
vanilla,random_mixed_runs,10000,64,18,101110,171684
vanilla,random_mixed_runs,10000,64,19,100638,169843
vanilla,random_mixed_runs,10000,64,20,100819,170372
vanilla,random_mixed_runs,10000,64,21,101526,173756
vanilla,random_mixed_runs,10000,64,22,101399,183939
vanilla,random_mixed_runs,10000,64,23,101837,230524
vanilla,random_mixed_runs,10000,64,24,100872,212031
vanilla,random_mixed_runs,10000,64,25,101000,209077
vanilla,random_mixed_runs,10000,64,26,101601,211491
vanilla,random_mixed_runs,10000,64,27,102103,216770
vanilla,random_mixed_runs,10000,64,28,100594,210874
vanilla,random_mixed_runs,10000,64,29,101211,210588
runs,random_mixed_runs,10000,64,0,80712,158039
runs,random_mixed_runs,10000,64,1,79639,164663
runs,random_mixed_runs,10000,64,2,80478,157191
runs,random_mixed_runs,10000,64,3,80671,163374
runs,random_mixed_runs,10000,64,4,80016,159858
runs,random_mixed_runs,10000,64,5,79994,142963
runs,random_mixed_runs,10000,64,6,78601,151460
runs,random_mixed_runs,10000,64,7,80593,122100
runs,random_mixed_runs,10000,64,8,80364,121406
runs,random_mixed_runs,10000,64,9,80117,119709
runs,random_mixed_runs,10000,64,10,80113,120469
runs,random_mixed_runs,10000,64,11,79755,119930
runs,random_mixed_runs,10000,64,12,78978,116986
runs,random_mixed_runs,10000,64,13,79686,117417
runs,random_mixed_runs,10000,64,14,81708,159957
runs,random_mixed_runs,10000,64,15,80590,275280
runs,random_mixed_runs,10000,64,16,81172,159715
runs,random_mixed_runs,10000,64,17,80041,244124
runs,random_mixed_runs,10000,64,18,80977,155207
runs,random_mixed_runs,10000,64,19,79314,152981
runs,random_mixed_runs,10000,64,20,79224,154954
runs,random_mixed_runs,10000,64,21,81030,160696
runs,random_mixed_runs,10000,64,22,80365,157830
runs,random_mixed_runs,10000,64,23,80558,157136
runs,random_mixed_runs,10000,64,24,79713,153499
runs,random_mixed_runs,10000,64,25,79844,153797
runs,random_mixed_runs,10000,64,26,80794,167705
runs,random_mixed_runs,10000,64,27,81540,157312
runs,random_mixed_runs,10000,64,28,78770,165225
runs,random_mixed_runs,10000,64,29,81046,157477
vanilla,full_random,50000,64,0,721217,4390349
vanilla,full_random,50000,64,1,721314,3849652
vanilla,full_random,50000,64,2,721285,4977679
vanilla,full_random,50000,64,3,721266,4407299
vanilla,full_random,50000,64,4,721368,3871127
vanilla,full_random,50000,64,5,721344,3606840
vanilla,full_random,50000,64,6,721373,3659554
vanilla,full_random,50000,64,7,721176,3845101
vanilla,full_random,50000,64,8,721478,3757959
vanilla,full_random,50000,64,9,721097,4458744
vanilla,full_random,50000,64,10,721307,4175573
vanilla,full_random,50000,64,11,721200,3964821
vanilla,full_random,50000,64,12,721384,4047285
vanilla,full_random,50000,64,13,721351,3681297
vanilla,full_random,50000,64,14,721107,4325904
vanilla,full_random,50000,64,15,721160,3706942
vanilla,full_random,50000,64,16,721344,3593814
vanilla,full_random,50000,64,17,721357,3579872
vanilla,full_random,50000,64,18,721123,3693861
vanilla,full_random,50000,64,19,721228,3577987
vanilla,full_random,50000,64,20,721175,3549918
vanilla,full_random,50000,64,21,721310,3522244
vanilla,full_random,50000,64,22,721183,3592172
vanilla,full_random,50000,64,23,721260,3883410
vanilla,full_random,50000,64,24,721218,4036755
vanilla,full_random,50000,64,25,721180,4001201
vanilla,full_random,50000,64,26,721140,4311467
vanilla,full_random,50000,64,27,721425,3699063
vanilla,full_random,50000,64,28,721340,4105034
vanilla,full_random,50000,64,29,721419,3882164
runs,full_random,50000,64,0,758835,3755148
runs,full_random,50000,64,1,759423,3790900
runs,full_random,50000,64,2,759017,3770213
runs,full_random,50000,64,3,759575,3992946
runs,full_random,50000,64,4,758869,4085214
runs,full_random,50000,64,5,758778,4643010
runs,full_random,50000,64,6,758998,3820733
runs,full_random,50000,64,7,758805,3965619
runs,full_random,50000,64,8,759168,3805922
runs,full_random,50000,64,9,758827,3888810
runs,full_random,50000,64,10,758960,3570692
runs,full_random,50000,64,11,759051,3583707
runs,full_random,50000,64,12,759113,3621388
runs,full_random,50000,64,13,758820,3581448
runs,full_random,50000,64,14,758826,3571419
runs,full_random,50000,64,15,758902,3709291
runs,full_random,50000,64,16,759182,3594045
runs,full_random,50000,64,17,759169,3944036
runs,full_random,50000,64,18,758881,5113958
runs,full_random,50000,64,19,759351,5201013
runs,full_random,50000,64,20,758989,4256269
runs,full_random,50000,64,21,759182,4042097
runs,full_random,50000,64,22,758692,4065706
runs,full_random,50000,64,23,759122,3719496
runs,full_random,50000,64,24,759308,3593538
runs,full_random,50000,64,25,758900,3685695
runs,full_random,50000,64,26,759039,3560366
runs,full_random,50000,64,27,758837,4052815
runs,full_random,50000,64,28,758765,5515089
runs,full_random,50000,64,29,759512,4250118
vanilla,random_asc_runs,50000,64,0,621271,1248270
vanilla,random_asc_runs,50000,64,1,624247,1300961
vanilla,random_asc_runs,50000,64,2,621073,1285147
vanilla,random_asc_runs,50000,64,3,622676,1314925
vanilla,random_asc_runs,50000,64,4,621444,1329417
vanilla,random_asc_runs,50000,64,5,620137,1189661
vanilla,random_asc_runs,50000,64,6,622837,1368784
vanilla,random_asc_runs,50000,64,7,622969,1266653
vanilla,random_asc_runs,50000,64,8,619904,1438827
vanilla,random_asc_runs,50000,64,9,621544,1232118
vanilla,random_asc_runs,50000,64,10,621052,1055856
vanilla,random_asc_runs,50000,64,11,622613,1079056
vanilla,random_asc_runs,50000,64,12,621968,1128407
vanilla,random_asc_runs,50000,64,13,620964,1069721
vanilla,random_asc_runs,50000,64,14,620882,1095223
vanilla,random_asc_runs,50000,64,15,620492,971999
vanilla,random_asc_runs,50000,64,16,620104,975889
vanilla,random_asc_runs,50000,64,17,623661,976848
vanilla,random_asc_runs,50000,64,18,621550,1010142
vanilla,random_asc_runs,50000,64,19,620075,967744
vanilla,random_asc_runs,50000,64,20,621462,1036415
vanilla,random_asc_runs,50000,64,21,619027,965463
vanilla,random_asc_runs,50000,64,22,621257,985499
vanilla,random_asc_runs,50000,64,23,620787,968131
vanilla,random_asc_runs,50000,64,24,619910,981476
vanilla,random_asc_runs,50000,64,25,621599,1036305
vanilla,random_asc_runs,50000,64,26,621829,3170502
vanilla,random_asc_runs,50000,64,27,621745,1310646
vanilla,random_asc_runs,50000,64,28,622702,1273882
vanilla,random_asc_runs,50000,64,29,622590,1316567
runs,random_asc_runs,50000,64,0,495463,912684
runs,random_asc_runs,50000,64,1,497953,963846
runs,random_asc_runs,50000,64,2,497565,919958
runs,random_asc_runs,50000,64,3,495543,921115
runs,random_asc_runs,50000,64,4,497021,863916
runs,random_asc_runs,50000,64,5,496821,919208
runs,random_asc_runs,50000,64,6,497892,882377
runs,random_asc_runs,50000,64,7,496410,938969
runs,random_asc_runs,50000,64,8,490162,909730
runs,random_asc_runs,50000,64,9,497053,898159
runs,random_asc_runs,50000,64,10,494176,917764
runs,random_asc_runs,50000,64,11,495655,930152
runs,random_asc_runs,50000,64,12,497869,894918
runs,random_asc_runs,50000,64,13,496233,896528
runs,random_asc_runs,50000,64,14,494889,787212
runs,random_asc_runs,50000,64,15,496455,802585
runs,random_asc_runs,50000,64,16,494414,926879
runs,random_asc_runs,50000,64,17,498260,902975
runs,random_asc_runs,50000,64,18,493031,805859
runs,random_asc_runs,50000,64,19,496600,778968
runs,random_asc_runs,50000,64,20,496103,730068
runs,random_asc_runs,50000,64,21,495144,756033
runs,random_asc_runs,50000,64,22,495052,736560
runs,random_asc_runs,50000,64,23,495806,737507
runs,random_asc_runs,50000,64,24,495234,764563
runs,random_asc_runs,50000,64,25,495912,747316
runs,random_asc_runs,50000,64,26,496220,708963
runs,random_asc_runs,50000,64,27,497388,745475
runs,random_asc_runs,50000,64,28,497081,786043
runs,random_asc_runs,50000,64,29,497327,759956
vanilla,random_desc_runs,50000,64,0,620657,977233
vanilla,random_desc_runs,50000,64,1,621650,1008941
vanilla,random_desc_runs,50000,64,2,622206,1023664
vanilla,random_desc_runs,50000,64,3,621327,983758
vanilla,random_desc_runs,50000,64,4,619398,938132
vanilla,random_desc_runs,50000,64,5,619997,1040890
vanilla,random_desc_runs,50000,64,6,622009,1365709
vanilla,random_desc_runs,50000,64,7,624106,1225226
vanilla,random_desc_runs,50000,64,8,622345,1305050
vanilla,random_desc_runs,50000,64,9,622438,1273002
vanilla,random_desc_runs,50000,64,10,622121,1251279
vanilla,random_desc_runs,50000,64,11,621785,1226327
vanilla,random_desc_runs,50000,64,12,621266,1606625
vanilla,random_desc_runs,50000,64,13,621044,1126787
vanilla,random_desc_runs,50000,64,14,620917,1414785
vanilla,random_desc_runs,50000,64,15,620572,1244083
vanilla,random_desc_runs,50000,64,16,619961,1267888
vanilla,random_desc_runs,50000,64,17,619662,1265848
vanilla,random_desc_runs,50000,64,18,622730,1223374
vanilla,random_desc_runs,50000,64,19,624254,1209973
vanilla,random_desc_runs,50000,64,20,619859,1221578
vanilla,random_desc_runs,50000,64,21,621884,1220960
vanilla,random_desc_runs,50000,64,22,622464,1235828
vanilla,random_desc_runs,50000,64,23,621474,1260812
vanilla,random_desc_runs,50000,64,24,619053,1215229
vanilla,random_desc_runs,50000,64,25,624174,1073787
vanilla,random_desc_runs,50000,64,26,622920,1037627
vanilla,random_desc_runs,50000,64,27,621205,964549
vanilla,random_desc_runs,50000,64,28,622987,980143
vanilla,random_desc_runs,50000,64,29,621128,960283
runs,random_desc_runs,50000,64,0,496152,789228
runs,random_desc_runs,50000,64,1,493891,753422
runs,random_desc_runs,50000,64,2,495584,746445
runs,random_desc_runs,50000,64,3,498485,754677
runs,random_desc_runs,50000,64,4,493514,784831
runs,random_desc_runs,50000,64,5,495071,780907
runs,random_desc_runs,50000,64,6,494991,756937
runs,random_desc_runs,50000,64,7,499791,774129
runs,random_desc_runs,50000,64,8,498380,754876
runs,random_desc_runs,50000,64,9,497561,850174
runs,random_desc_runs,50000,64,10,495450,802762
runs,random_desc_runs,50000,64,11,494794,800139
runs,random_desc_runs,50000,64,12,496247,805253
runs,random_desc_runs,50000,64,13,496277,842194
runs,random_desc_runs,50000,64,14,495280,789646
runs,random_desc_runs,50000,64,15,496034,796965
runs,random_desc_runs,50000,64,16,494546,768178
runs,random_desc_runs,50000,64,17,496230,785878
runs,random_desc_runs,50000,64,18,497242,987770
runs,random_desc_runs,50000,64,19,499252,978424
runs,random_desc_runs,50000,64,20,492176,948569
runs,random_desc_runs,50000,64,21,495865,851893
runs,random_desc_runs,50000,64,22,495104,957792
runs,random_desc_runs,50000,64,23,494504,959457
runs,random_desc_runs,50000,64,24,496206,961804
runs,random_desc_runs,50000,64,25,500195,977653
runs,random_desc_runs,50000,64,26,498223,971326
runs,random_desc_runs,50000,64,27,496422,968659
runs,random_desc_runs,50000,64,28,497708,1003265
runs,random_desc_runs,50000,64,29,495604,945614
vanilla,random_mixed_runs,50000,64,0,622064,1276209
vanilla,random_mixed_runs,50000,64,1,619630,1440078
vanilla,random_mixed_runs,50000,64,2,619663,1280947
vanilla,random_mixed_runs,50000,64,3,621883,1210425
vanilla,random_mixed_runs,50000,64,4,621127,1250871
vanilla,random_mixed_runs,50000,64,5,617572,1258300
vanilla,random_mixed_runs,50000,64,6,619525,1277398
vanilla,random_mixed_runs,50000,64,7,619296,1336879
vanilla,random_mixed_runs,50000,64,8,621826,1401946
vanilla,random_mixed_runs,50000,64,9,620510,1170904
vanilla,random_mixed_runs,50000,64,10,621586,1050313
vanilla,random_mixed_runs,50000,64,11,619548,1113297
vanilla,random_mixed_runs,50000,64,12,621984,1029429
vanilla,random_mixed_runs,50000,64,13,620865,1113507
vanilla,random_mixed_runs,50000,64,14,621424,1080962
vanilla,random_mixed_runs,50000,64,15,620683,1071032
vanilla,random_mixed_runs,50000,64,16,621814,1074052
vanilla,random_mixed_runs,50000,64,17,622101,987770
vanilla,random_mixed_runs,50000,64,18,621882,1001634
vanilla,random_mixed_runs,50000,64,19,621961,989897
vanilla,random_mixed_runs,50000,64,20,618990,1003154
vanilla,random_mixed_runs,50000,64,21,621793,989103
vanilla,random_mixed_runs,50000,64,22,620610,1018870
vanilla,random_mixed_runs,50000,64,23,621324,2664485
vanilla,random_mixed_runs,50000,64,24,621096,1835739
vanilla,random_mixed_runs,50000,64,25,621728,1924141
vanilla,random_mixed_runs,50000,64,26,619622,1376024
vanilla,random_mixed_runs,50000,64,27,622702,1313062
vanilla,random_mixed_runs,50000,64,28,619505,1247521
vanilla,random_mixed_runs,50000,64,29,621497,1299539
runs,random_mixed_runs,50000,64,0,516732,962631
runs,random_mixed_runs,50000,64,1,514736,1005590
runs,random_mixed_runs,50000,64,2,512220,989225
runs,random_mixed_runs,50000,64,3,517465,936126
runs,random_mixed_runs,50000,64,4,515869,974643
runs,random_mixed_runs,50000,64,5,511069,959446
runs,random_mixed_runs,50000,64,6,512415,917698
runs,random_mixed_runs,50000,64,7,511976,1288354
runs,random_mixed_runs,50000,64,8,519363,951997
runs,random_mixed_runs,50000,64,9,517983,826203
runs,random_mixed_runs,50000,64,10,513291,827327
runs,random_mixed_runs,50000,64,11,514071,795995
runs,random_mixed_runs,50000,64,12,516788,804349
runs,random_mixed_runs,50000,64,13,516902,1153413
runs,random_mixed_runs,50000,64,14,515463,875665
runs,random_mixed_runs,50000,64,15,512794,793802
runs,random_mixed_runs,50000,64,16,519212,829025
runs,random_mixed_runs,50000,64,17,519263,828055
runs,random_mixed_runs,50000,64,18,516197,825420
runs,random_mixed_runs,50000,64,19,515795,793262
runs,random_mixed_runs,50000,64,20,511545,768817
runs,random_mixed_runs,50000,64,21,517303,824450
runs,random_mixed_runs,50000,64,22,517331,846658
runs,random_mixed_runs,50000,64,23,515980,856532
runs,random_mixed_runs,50000,64,24,514415,785712
runs,random_mixed_runs,50000,64,25,512690,911216
runs,random_mixed_runs,50000,64,26,516352,1061609
runs,random_mixed_runs,50000,64,27,517961,1083916
runs,random_mixed_runs,50000,64,28,515964,819095
runs,random_mixed_runs,50000,64,29,518041,745232
vanilla,full_random,100000,64,0,1542289,8942561
vanilla,full_random,100000,64,1,1542237,9453335
vanilla,full_random,100000,64,2,1542498,9027791
vanilla,full_random,100000,64,3,1542522,8334031
vanilla,full_random,100000,64,4,1542686,8458226
vanilla,full_random,100000,64,5,1542328,9531507
vanilla,full_random,100000,64,6,1542196,8837091
vanilla,full_random,100000,64,7,1542370,8711277
vanilla,full_random,100000,64,8,1542254,8087737
vanilla,full_random,100000,64,9,1542159,9185409
vanilla,full_random,100000,64,10,1542489,9196962
vanilla,full_random,100000,64,11,1542259,8817451
vanilla,full_random,100000,64,12,1542373,8034682
vanilla,full_random,100000,64,13,1542610,9181539
vanilla,full_random,100000,64,14,1542933,9417382
vanilla,full_random,100000,64,15,1542337,8882026
vanilla,full_random,100000,64,16,1542503,8085907
vanilla,full_random,100000,64,17,1542433,8081498
vanilla,full_random,100000,64,18,1542355,7963487
vanilla,full_random,100000,64,19,1542299,8041901
vanilla,full_random,100000,64,20,1542686,7988681
vanilla,full_random,100000,64,21,1542699,8521417
vanilla,full_random,100000,64,22,1542637,8609234
vanilla,full_random,100000,64,23,1542731,9163434
vanilla,full_random,100000,64,24,1542649,8353968
vanilla,full_random,100000,64,25,1542428,8237752
vanilla,full_random,100000,64,26,1542493,8014481
vanilla,full_random,100000,64,27,1542462,8110285
vanilla,full_random,100000,64,28,1542540,8046750
vanilla,full_random,100000,64,29,1542533,8579210
runs,full_random,100000,64,0,1618216,9505864
runs,full_random,100000,64,1,1617445,9400996
runs,full_random,100000,64,2,1617959,8234584
runs,full_random,100000,64,3,1618433,8534887
runs,full_random,100000,64,4,1618009,9641190
runs,full_random,100000,64,5,1617695,9079364
runs,full_random,100000,64,6,1617401,8259508
runs,full_random,100000,64,7,1618064,8069199
runs,full_random,100000,64,8,1617915,9451241
runs,full_random,100000,64,9,1617848,9039292
runs,full_random,100000,64,10,1618094,8574231
runs,full_random,100000,64,11,1617852,8172619
runs,full_random,100000,64,12,1618426,8090590
runs,full_random,100000,64,13,1618076,8562191
runs,full_random,100000,64,14,1618878,8756181
runs,full_random,100000,64,15,1617447,8707728
runs,full_random,100000,64,16,1618071,8549622
runs,full_random,100000,64,17,1617792,8284757
runs,full_random,100000,64,18,1618017,8144472
runs,full_random,100000,64,19,1617520,9560607
runs,full_random,100000,64,20,1618353,8844927
runs,full_random,100000,64,21,1618531,8619571
runs,full_random,100000,64,22,1618098,8232253
runs,full_random,100000,64,23,1618552,8230799
runs,full_random,100000,64,24,1618211,12571487
runs,full_random,100000,64,25,1617993,16242282
runs,full_random,100000,64,26,1618095,8652314
runs,full_random,100000,64,27,1618587,9349317
runs,full_random,100000,64,28,1618156,9045198
runs,full_random,100000,64,29,1617659,8837370
vanilla,random_asc_runs,100000,64,0,1343281,2256936
vanilla,random_asc_runs,100000,64,1,1342248,2378540
vanilla,random_asc_runs,100000,64,2,1344270,2937167
vanilla,random_asc_runs,100000,64,3,1344716,2752589
vanilla,random_asc_runs,100000,64,4,1340164,2898855
vanilla,random_asc_runs,100000,64,5,1343056,2877202
vanilla,random_asc_runs,100000,64,6,1340260,3028428
vanilla,random_asc_runs,100000,64,7,1346540,2920536
vanilla,random_asc_runs,100000,64,8,1338198,2793312
vanilla,random_asc_runs,100000,64,9,1342001,2870325
vanilla,random_asc_runs,100000,64,10,1343365,2624306
vanilla,random_asc_runs,100000,64,11,1341223,2305614
vanilla,random_asc_runs,100000,64,12,1341083,2322609
vanilla,random_asc_runs,100000,64,13,1340889,2249871
vanilla,random_asc_runs,100000,64,14,1344438,2282867
vanilla,random_asc_runs,100000,64,15,1340920,2266512
vanilla,random_asc_runs,100000,64,16,1342832,2442726
vanilla,random_asc_runs,100000,64,17,1341493,2952067
vanilla,random_asc_runs,100000,64,18,1340249,3005607
vanilla,random_asc_runs,100000,64,19,1343451,4015429
vanilla,random_asc_runs,100000,64,20,1344856,5191997
vanilla,random_asc_runs,100000,64,21,1342864,2619026
vanilla,random_asc_runs,100000,64,22,1341070,2788506
vanilla,random_asc_runs,100000,64,23,1340593,2779799
vanilla,random_asc_runs,100000,64,24,1340354,2890934
vanilla,random_asc_runs,100000,64,25,1344988,2456269
vanilla,random_asc_runs,100000,64,26,1343388,2261168
vanilla,random_asc_runs,100000,64,27,1340890,2303532
vanilla,random_asc_runs,100000,64,28,1345487,2360278
vanilla,random_asc_runs,100000,64,29,1343613,2350227
runs,random_asc_runs,100000,64,0,1091266,2052030
runs,random_asc_runs,100000,64,1,1093069,1810088
runs,random_asc_runs,100000,64,2,1096431,1723767
runs,random_asc_runs,100000,64,3,1094690,1756080
runs,random_asc_runs,100000,64,4,1089666,1671649
runs,random_asc_runs,100000,64,5,1090849,1736474
runs,random_asc_runs,100000,64,6,1091062,1651481
runs,random_asc_runs,100000,64,7,1098593,1736077
runs,random_asc_runs,100000,64,8,1086959,1668905
runs,random_asc_runs,100000,64,9,1088426,1809212
runs,random_asc_runs,100000,64,10,1093406,1769503
runs,random_asc_runs,100000,64,11,1090327,1743153
runs,random_asc_runs,100000,64,12,1091060,2048420
runs,random_asc_runs,100000,64,13,1089274,2035118
runs,random_asc_runs,100000,64,14,1094372,2283441
runs,random_asc_runs,100000,64,15,1090397,2314669
runs,random_asc_runs,100000,64,16,1090756,1990191
runs,random_asc_runs,100000,64,17,1091612,6764695
runs,random_asc_runs,100000,64,18,1091452,2015666
runs,random_asc_runs,100000,64,19,1094339,2011467
runs,random_asc_runs,100000,64,20,1094744,2061612
runs,random_asc_runs,100000,64,21,1094209,2090366
runs,random_asc_runs,100000,64,22,1091468,1795204
runs,random_asc_runs,100000,64,23,1089021,1737002
runs,random_asc_runs,100000,64,24,1088963,1689304
runs,random_asc_runs,100000,64,25,1098754,1703114
runs,random_asc_runs,100000,64,26,1096042,1772038
runs,random_asc_runs,100000,64,27,1092491,1637054
runs,random_asc_runs,100000,64,28,1095131,1709770
runs,random_asc_runs,100000,64,29,1090568,1705516
vanilla,random_desc_runs,100000,64,0,1342966,2446935
vanilla,random_desc_runs,100000,64,1,1344652,2819243
vanilla,random_desc_runs,100000,64,2,1342787,4842519
vanilla,random_desc_runs,100000,64,3,1342800,2246322
vanilla,random_desc_runs,100000,64,4,1337991,2655935
vanilla,random_desc_runs,100000,64,5,1341919,2438504
vanilla,random_desc_runs,100000,64,6,1343143,2738190
vanilla,random_desc_runs,100000,64,7,1340423,2397176
vanilla,random_desc_runs,100000,64,8,1343384,2851888
vanilla,random_desc_runs,100000,64,9,1339168,2473264
vanilla,random_desc_runs,100000,64,10,1341940,2102831
vanilla,random_desc_runs,100000,64,11,1343291,2285854
vanilla,random_desc_runs,100000,64,12,1343079,2204751
vanilla,random_desc_runs,100000,64,13,1343956,2198502
vanilla,random_desc_runs,100000,64,14,1341450,2213403
vanilla,random_desc_runs,100000,64,15,1346486,2435629
vanilla,random_desc_runs,100000,64,16,1342107,2151200
vanilla,random_desc_runs,100000,64,17,1342196,2213722
vanilla,random_desc_runs,100000,64,18,1340995,2213634
vanilla,random_desc_runs,100000,64,19,1340455,2227520
vanilla,random_desc_runs,100000,64,20,1339407,2122436
vanilla,random_desc_runs,100000,64,21,1341763,2285458
vanilla,random_desc_runs,100000,64,22,1341189,2195130
vanilla,random_desc_runs,100000,64,23,1342277,2244989
vanilla,random_desc_runs,100000,64,24,1343033,2644551
vanilla,random_desc_runs,100000,64,25,1343675,2922157
vanilla,random_desc_runs,100000,64,26,1342463,3834444
vanilla,random_desc_runs,100000,64,27,1343483,2553783
vanilla,random_desc_runs,100000,64,28,1341781,2375365
vanilla,random_desc_runs,100000,64,29,1343424,2591436
runs,random_desc_runs,100000,64,0,1092334,2209490
runs,random_desc_runs,100000,64,1,1097683,2136829
runs,random_desc_runs,100000,64,2,1093031,2159103
runs,random_desc_runs,100000,64,3,1093621,2187206
runs,random_desc_runs,100000,64,4,1085892,1793451
runs,random_desc_runs,100000,64,5,1092692,1795193
runs,random_desc_runs,100000,64,6,1091656,1769095
runs,random_desc_runs,100000,64,7,1087806,1794874
runs,random_desc_runs,100000,64,8,1097550,1808000
runs,random_desc_runs,100000,64,9,1088801,1778651
runs,random_desc_runs,100000,64,10,1091012,1896519
runs,random_desc_runs,100000,64,11,1093624,2584685
runs,random_desc_runs,100000,64,12,1092321,1927830
runs,random_desc_runs,100000,64,13,1093664,1801673
runs,random_desc_runs,100000,64,14,1093283,1782078
runs,random_desc_runs,100000,64,15,1097486,1953816
runs,random_desc_runs,100000,64,16,1089217,1711797
runs,random_desc_runs,100000,64,17,1092436,2201941
runs,random_desc_runs,100000,64,18,1090624,2132851
runs,random_desc_runs,100000,64,19,1087151,2293095
runs,random_desc_runs,100000,64,20,1091270,2178554
runs,random_desc_runs,100000,64,21,1090330,2024593
runs,random_desc_runs,100000,64,22,1091481,2123770
runs,random_desc_runs,100000,64,23,1094759,2202167
runs,random_desc_runs,100000,64,24,1091745,1847102
runs,random_desc_runs,100000,64,25,1094218,1977137
runs,random_desc_runs,100000,64,26,1092495,1800505
runs,random_desc_runs,100000,64,27,1090997,2120596
runs,random_desc_runs,100000,64,28,1092006,2105266
runs,random_desc_runs,100000,64,29,1093394,1796824
vanilla,random_mixed_runs,100000,64,0,1343703,2474466
vanilla,random_mixed_runs,100000,64,1,1342592,2349291
vanilla,random_mixed_runs,100000,64,2,1341652,2356664
vanilla,random_mixed_runs,100000,64,3,1342290,2189719
vanilla,random_mixed_runs,100000,64,4,1342319,2283010
vanilla,random_mixed_runs,100000,64,5,1343573,2688987
vanilla,random_mixed_runs,100000,64,6,1345295,2935624
vanilla,random_mixed_runs,100000,64,7,1344523,3082808
vanilla,random_mixed_runs,100000,64,8,1344551,2944396
vanilla,random_mixed_runs,100000,64,9,1344329,2506747
vanilla,random_mixed_runs,100000,64,10,1340632,2247844
vanilla,random_mixed_runs,100000,64,11,1342405,2707558
vanilla,random_mixed_runs,100000,64,12,1342857,3042361
vanilla,random_mixed_runs,100000,64,13,1342447,2876651
vanilla,random_mixed_runs,100000,64,14,1341924,2373503
vanilla,random_mixed_runs,100000,64,15,1342010,2289755
vanilla,random_mixed_runs,100000,64,16,1340784,2192970
vanilla,random_mixed_runs,100000,64,17,1342254,2427461
vanilla,random_mixed_runs,100000,64,18,1340113,2252262
vanilla,random_mixed_runs,100000,64,19,1345285,2249993
vanilla,random_mixed_runs,100000,64,20,1344399,2577048
vanilla,random_mixed_runs,100000,64,21,1346658,2382816
vanilla,random_mixed_runs,100000,64,22,1343236,2594648
vanilla,random_mixed_runs,100000,64,23,1347525,2383489
vanilla,random_mixed_runs,100000,64,24,1344037,2314739
vanilla,random_mixed_runs,100000,64,25,1343708,2337795
vanilla,random_mixed_runs,100000,64,26,1343794,2402025
vanilla,random_mixed_runs,100000,64,27,1346740,2390949
vanilla,random_mixed_runs,100000,64,28,1343892,2644882
vanilla,random_mixed_runs,100000,64,29,1343386,3026822
runs,random_mixed_runs,100000,64,0,1134743,2278415
runs,random_mixed_runs,100000,64,1,1133221,2202833
runs,random_mixed_runs,100000,64,2,1130861,1972200
runs,random_mixed_runs,100000,64,3,1128405,2266270
runs,random_mixed_runs,100000,64,4,1128150,2228104
runs,random_mixed_runs,100000,64,5,1133150,2265521
runs,random_mixed_runs,100000,64,6,1132782,2266998
runs,random_mixed_runs,100000,64,7,1133192,2207793
runs,random_mixed_runs,100000,64,8,1129419,2117785
runs,random_mixed_runs,100000,64,9,1129194,1876582
runs,random_mixed_runs,100000,64,10,1133367,1799601
runs,random_mixed_runs,100000,64,11,1128773,1885730
runs,random_mixed_runs,100000,64,12,1127302,1863864
runs,random_mixed_runs,100000,64,13,1136620,1887857
runs,random_mixed_runs,100000,64,14,1130041,1784723
runs,random_mixed_runs,100000,64,15,1129434,1876252
runs,random_mixed_runs,100000,64,16,1127301,2081163
runs,random_mixed_runs,100000,64,17,1136188,2270601
runs,random_mixed_runs,100000,64,18,1134594,2257310
runs,random_mixed_runs,100000,64,19,1133032,2398278
runs,random_mixed_runs,100000,64,20,1134042,2254952
runs,random_mixed_runs,100000,64,21,1136804,2352740
runs,random_mixed_runs,100000,64,22,1133346,2329485
runs,random_mixed_runs,100000,64,23,1136941,2228590
runs,random_mixed_runs,100000,64,24,1135352,2284532
runs,random_mixed_runs,100000,64,25,1135075,2272728
runs,random_mixed_runs,100000,64,26,1131924,2312624
runs,random_mixed_runs,100000,64,27,1134552,2016360
runs,random_mixed_runs,100000,64,28,1136685,1953860
runs,random_mixed_runs,100000,64,29,1135133,2176155
